{
  "ep_length_mean": [
    200.0
  ],
  "ep_length_mean_T": [
    1600
  ],
  "episode_limit_mean": [
    1.0
  ],
  "episode_limit_mean_T": [
    1600
  ],
  "epsilon": [
    1.0
  ],
  "epsilon_T": [
    1600
  ],
  "return_mean": [
    {
      "dtype": "float64",
      "py/object": "numpy.float64",
      "value": 30.0
    }
  ],
  "return_mean_T": [
    1600
  ],
  "return_std": [
    {
      "dtype": "float64",
      "py/object": "numpy.float64",
      "value": 11.180339887498949
    }
  ],
  "return_std_T": [
    1600
  ]
}