{
  "artifacts": [],
  "command": "my_main",
  "experiment": {
    "base_dir": "/home/kailash/Downloads/accmer/src",
    "dependencies": [
      "numpy==1.23.5",
      "PyYAML==5.3.1",
      "sacred==0.8.4",
      "torch==1.8.2"
    ],
    "mainfile": "main.py",
    "name": "pymarl",
    "repositories": [],
    "sources": [
      [
        "main.py",
        "_sources/main_cfc1291a066ccabbc7b147126715b7c7.py"
      ],
      [
        "utils/logging.py",
        "_sources/logging_ce9a261c391cbeae67129d3d806d06da.py"
      ]
    ]
  },
  "heartbeat": "2023-03-01T14:51:45.458155",
  "host": {
    "ENV": {},
    "cpu": "AMD Ryzen Threadripper PRO 3975WX 32-Cores",
    "gpus": {
      "driver_version": "525.78.01",
      "gpus": [
        {
          "model": "NVIDIA GeForce RTX 3090",
          "persistence_mode": false,
          "total_memory": 24576
        },
        {
          "model": "NVIDIA GeForce RTX 3090",
          "persistence_mode": false,
          "total_memory": 24576
        }
      ]
    },
    "hostname": "tide",
    "os": [
      "Linux",
      "Linux-5.15.0-58-generic-x86_64-with-glibc2.17"
    ],
    "python_version": "3.8.16"
  },
  "meta": {
    "command": "my_main",
    "config_updates": {
      "batch_size": 256,
      "batch_size_run": 8,
      "buffer_size": 100000,
      "env_args": {
        "map_name": "stag_hunt",
        "miscapture_punishment": 0
      },
      "epsilon_anneal_time": 100000,
      "obs_agent_id": true,
      "runner": "parallel",
      "t_max": 1050000
    },
    "named_configs": [],
    "options": {
      "--beat-interval": null,
      "--capture": null,
      "--comment": null,
      "--debug": false,
      "--enforce_clean": false,
      "--file_storage": null,
      "--force": false,
      "--help": false,
      "--id": null,
      "--loglevel": null,
      "--mongo_db": null,
      "--name": null,
      "--pdb": false,
      "--print-config": false,
      "--priority": null,
      "--queue": false,
      "--s3": null,
      "--sql": null,
      "--tiny_db": null,
      "--unobserved": false,
      "COMMAND": null,
      "UPDATE": [
        "env_args.map_name=stag_hunt",
        "env_args.miscapture_punishment=0",
        "epsilon_anneal_time=100000",
        "t_max=1050000",
        "runner=parallel",
        "batch_size_run=8",
        "buffer_size=100000",
        "batch_size=256",
        "obs_agent_id=True"
      ],
      "help": false,
      "with": true
    }
  },
  "resources": [],
  "result": null,
  "start_time": "2023-03-01T14:06:00.221543",
  "status": "RUNNING"
}